Datetime,Water Level (m)
2025-03-22 12:00:00,-0.009705904
2025-03-22 13:00:00,-0.25652063
2025-03-22 14:00:00,-0.47853032
2025-03-22 15:00:00,-0.68502086
2025-03-22 16:00:00,-0.78644735
2025-03-22 17:00:00,-0.7403716
2025-03-22 18:00:00,-0.54694694
2025-03-22 19:00:00,-0.32901174
2025-03-22 20:00:00,-0.24051121
2025-03-22 21:00:00,-0.17873529
2025-03-22 22:00:00,-0.1696199
2025-03-22 23:00:00,-0.2574298
2025-03-23 00:00:00,-0.394287
2025-03-23 01:00:00,-0.53296685
2025-03-23 02:00:00,-0.6524138
2025-03-23 03:00:00,-0.7385523
2025-03-23 04:00:00,-0.82932085
2025-03-23 05:00:00,-0.8278864
2025-03-23 06:00:00,-0.64893025
2025-03-23 07:00:00,-0.38166857
2025-03-23 08:00:00,-0.12417849
2025-03-23 09:00:00,0.108124174
2025-03-23 10:00:00,0.27004865
2025-03-23 11:00:00,0.32098275
2025-03-23 12:00:00,0.2520241
2025-03-23 13:00:00,0.11601934
2025-03-23 14:00:00,-0.056086786
2025-03-23 15:00:00,-0.2615546
2025-03-23 16:00:00,-0.5074194
2025-03-23 17:00:00,-0.72391444
2025-03-23 18:00:00,-0.8398462
2025-03-23 19:00:00,-0.822538
2025-03-23 20:00:00,-0.7152108
2025-03-23 21:00:00,-0.5416615
2025-03-23 22:00:00,-0.3440787
2025-03-23 23:00:00,-0.18581626
2025-03-24 00:00:00,-0.124212004
2025-03-24 01:00:00,-0.14723933
2025-03-24 02:00:00,-0.22433273
2025-03-24 03:00:00,-0.37573463
2025-03-24 04:00:00,-0.5992872
2025-03-24 05:00:00,-0.78152615
2025-03-24 06:00:00,-0.8614907
2025-03-24 07:00:00,-0.7991665
2025-03-24 08:00:00,-0.6183487
2025-03-24 09:00:00,-0.36891297
2025-03-24 10:00:00,-0.049281627
2025-03-24 11:00:00,0.257355
2025-03-24 12:00:00,0.45620644
2025-03-24 13:00:00,0.5075313
2025-03-24 14:00:00,0.4077489
2025-03-24 15:00:00,0.19046323
2025-03-24 16:00:00,-0.13239037
2025-03-24 17:00:00,-0.50402534
2025-03-24 18:00:00,-0.82242453
2025-03-24 19:00:00,-1.0294173
2025-03-24 20:00:00,-1.0602385
2025-03-24 21:00:00,-0.8859133
2025-03-24 22:00:00,-0.5761276
2025-03-24 23:00:00,-0.24178895
2025-03-25 00:00:00,0.040891826
2025-03-25 01:00:00,0.17757593
2025-03-25 02:00:00,0.19399637
2025-03-25 03:00:00,0.0867781
2025-03-25 04:00:00,-0.14954415
2025-03-25 05:00:00,-0.48491907
2025-03-25 06:00:00,-0.82146454
2025-03-25 07:00:00,-1.0230536
2025-03-25 08:00:00,-1.03323
2025-03-25 09:00:00,-0.79422516
2025-03-25 10:00:00,-0.37812057
2025-03-25 11:00:00,0.08175214
2025-03-25 12:00:00,0.4989695
2025-03-25 13:00:00,0.7468679
2025-03-25 14:00:00,0.80195665
2025-03-25 15:00:00,0.6460007
2025-03-25 16:00:00,0.30404872
2025-03-25 17:00:00,-0.15685591
2025-03-25 18:00:00,-0.655214
2025-03-25 19:00:00,-1.0525222
2025-03-25 20:00:00,-1.3100975
2025-03-25 21:00:00,-1.2989777
2025-03-25 22:00:00,-0.9250702
2025-03-25 23:00:00,-0.41213965
2025-03-26 00:00:00,0.07418022
2025-03-26 01:00:00,0.4305899
2025-03-26 02:00:00,0.59384304
2025-03-26 03:00:00,0.5570252
2025-03-26 04:00:00,0.31738043
2025-03-26 05:00:00,-0.07523715
2025-03-26 06:00:00,-0.58126783
2025-03-26 07:00:00,-1.0170321
2025-03-26 08:00:00,-1.2877522
2025-03-26 09:00:00,-1.2884797
2025-03-26 10:00:00,-0.8619734
2025-03-26 11:00:00,-0.2583872
2025-03-26 12:00:00,0.3186559
2025-03-26 13:00:00,0.81524724
2025-03-26 14:00:00,1.0782795
2025-03-26 15:00:00,1.0817977
2025-03-26 16:00:00,0.7929541
2025-03-26 17:00:00,0.2996484
2025-03-26 18:00:00,-0.32147312
2025-03-26 19:00:00,-0.9003483
2025-03-26 20:00:00,-1.3351917
2025-03-26 21:00:00,-1.5861651
2025-03-26 22:00:00,-1.4372575
2025-03-26 23:00:00,-0.78334934
2025-03-27 00:00:00,-0.091928504
2025-03-27 01:00:00,0.4874376
2025-03-27 02:00:00,0.8624994
2025-03-27 03:00:00,0.98253834
2025-03-27 04:00:00,0.8179007
2025-03-27 05:00:00,0.38851523
2025-03-27 06:00:00,-0.15628397
2025-03-27 07:00:00,-0.775743
2025-03-27 08:00:00,-1.246683
2025-03-27 09:00:00,-1.5366329
2025-03-27 10:00:00,-1.4564531
2025-03-27 11:00:00,-0.79962265
2025-03-27 12:00:00,-0.03347897
2025-03-27 13:00:00,0.6716607
2025-03-27 14:00:00,1.1981646
2025-03-27 15:00:00,1.4314483
2025-03-27 16:00:00,1.3175422
2025-03-27 17:00:00,0.8172682
2025-03-27 18:00:00,0.14837399
2025-03-27 19:00:00,-0.6102093
2025-03-27 20:00:00,-1.1895072
2025-03-27 21:00:00,-1.6155709
2025-03-27 22:00:00,-1.7766898
2025-03-27 23:00:00,-1.2857999
2025-03-28 00:00:00,-0.4336884
2025-03-28 01:00:00,0.30660272
2025-03-28 02:00:00,0.913224
2025-03-28 03:00:00,1.2681607
2025-03-28 04:00:00,1.2882607
2025-03-28 05:00:00,0.9414928
2025-03-28 06:00:00,0.34499386
2025-03-28 07:00:00,-0.36036503
2025-03-28 08:00:00,-0.993256
2025-03-28 09:00:00,-1.4718589
2025-03-28 10:00:00,-1.7462529
2025-03-28 11:00:00,-1.4945617
2025-03-28 12:00:00,-0.5719877
